{
  "src": [
    "lofi.webm",
    "lofi.mp3"
  ],
  "sprite": {
    "closedhat": [
      0,
      214.28571428571428
    ],
    "kick": [
      1999.9999999999998,
      375.0113378684807
    ],
    "openhat": [
      4000,
      697.6870748299317
    ],
    "ride": [
      6000,
      4250
    ],
    "sample1": [
      12000,
      10666.666666666664
    ],
    "sample2": [
      24000,
      11162.789115646263
    ],
    "snare1": [
      37000,
      799.9999999999972
    ],
    "snare2": [
      39000,
      406.2585034013608
    ]
  }
}