{
  "src": [
    "trap.webm",
    "trap.mp3"
  ],
  "sprite": {
    "closed-hat": [
      0,
      418.3446712018141
    ],
    "crash": [
      2000,
      796.7800453514737
    ],
    "kick": [
      4000,
      500
    ],
    "open-hat": [
      6000,
      514.8979591836733
    ],
    "sample1": [
      8000,
      27428.57142857143
    ],
    "sample2": [
      37000,
      6000
    ],
    "snare1": [
      44000,
      352.94784580499083
    ],
    "snare2": [
      46000,
      399.9999999999986
    ]
  }
}